---Consumer Table-----
insert into Consumer(ConsumerID,Name,DateOfBirth,Gender) Values
(101,'Liam','03/29/1998','Male'),
(102,'Emma','05/23/1998','Female'),
(103,'Amelia','10/20/1998','Female'),
(104,'Ava','10/30/1996','Female'),
(105,'Sophia','08/30/1999','Female'),
(106,'Charlotte','10/09/1998','Female'),
(107,'Isabella','01/19/1998','Female'),
(108,'Mia','10/13/1999','Female'),
(109,'Luna','10/14/2000','Female'),
(110,'Harper','10/24/1997','Male'),
(111,'Gianna','02/28/1999','Female'),
(112,'Evelyn','11/11/1998','Female'),
(113,'Aria','07/30/1999','Female'),
(114,'Ella','12/19/1995','Female'),
(115,'Ellie','12/07/1998','Female'),
(116,'Mila','04/17/1998','Female'),
(117,'Layla','11/19/2001','Female'),
(118,'Avery','11/27/1996','Female'),
(119,'Camila','03/03/1999','Female'),
(120,'Lily','05/18/2000','Female'),
(121,'Olivia','10/25/1999','Female'),
(122,'Noah','09/26/2000','Male'),
(123,'Oliver','04/07/1999','Female'),
(124,'Elijah','01/13/2000','Male'),
(125,'Lucas','06/20/1999','Male'),
(126,'Levi','01/05/1998','Male'),
(127,'Mason','11/15/1996','Male'),
(128,'Asher','06/28/1991','Male'),
(129,'James','01/09/1994','Male'),
(130,'Ethan','05/28/1999','Male'),
(131,'Mateo','03/27/1999','Male'),
(132,'Leo','06/10/1997','Male'),
(133,'Jack','12/29/1999','Male'),
(134,'Benjamin','07/22/1999','Male'),
(135,'Aiden','12/07/1998','Male'),
(136,'Logan','09/28/1987','Male'),
(137,'Grayson','04/02/1982','Male'),
(138,'Jackson','06/10/1984','Male'),
(139,'Henry','02/27/2004','Male'),
(140,'Wyatt','07/20/1989','Male'),
(141,'Paul','12/04/1994','Male'),
(142,'Larry','07/24/2001','Female'),
(143,'Daniel','12/10/1999','Male'),
(144,'Stephen','11/29/1994','Male'),
(145,'Dennis','07/08/1997','Female'),
(146,'Timothy','01/12/1996','Male'),
(147,'Edward','05/12/1995','Male'),
(148,'Anastasia','12/01/1999','Female'),
(149,'Erek','10/02/1996','Male'),
(150,'Jessica','01/01/1985','Male'),
(151,'Shannon','01/01/1985','Male'),
(152,'Shantanu','11/20/2001','Male'),
(153,'Rhea','10/10/2001','Female'),
(154,'Sushmitha','10/20/1999','Female'),
(155,'Jhansi','07/04/2000','Female'),
(156,'Akhil','09/25/2001','Male'),
(157,'Tarun','01/29/2003','Male'),
(158,'Yugander','06/15/1992','Other'),
(159,'Teja','05/10/1999','Female'),
(160,'Jhalak','04/17/1996','Female'),
(161,'Abishek','02/17/2000','Male'),
(162,'Adithya','01/10/1993','Male'),
(163,'Aman','01/20/1998','Male'),
(164,'Ansul','12/19/1998','Male'),
(165,'Anupam','02/27/2001','Male'),
(166,'Priya','03/14/1992','Female'),
(167,'Geetha','03/20/1984','Female'),
(168,'Chetan','03/31/1992','Male'),
(169,'Abhinay','05/01/1997','Male'),
(170,'Rizwan','04/07/1995','Male'),
(171,'Mounica','06/18/1999','Female'),
(172,'Deepthi','07/31/1991','Female'),
(173,'Aswini','12/01/1995','Female'),
(174,'Jyothi','11/08/1998','Female'),
(175,'Mohzar','04/22/1998','Male'),
(176,'Arushi','11/19/2000','Female'),
(177,'Prabhu','11/17/1986','Male'),
(178,'Charmi','03/13/1990','Female'),
(179,'Vineeth','05/01/2001','Male'),
(180,'Karthik','10/02/1989','Male'),
(181,'Sabitha','09/06/2000','Female'),
(182,'Divya','05/07/1999','Female'),
(183,'Jameel','01/03/2000','Male'),
(184,'Rakesh','06/10/1992','Male'),
(185,'Murali','01/05/1999','Male'),
(186,'Mehul','08/12/1998','Female'),
(187,'Manan','05/22/2000','Male'),
(188,'Nisha','04/05/2002','Female'),
(189,'Parvati','06/07/1992','Female'),
(190,'Pranali','07/08/1995','Female'),
(191,'Pushkar','08/09/1996','Male'),
(192,'Rajiv','01/02/1999','Male'),
(193,'Rhea','02/03/2000','Female'),
(194,'Ryan','02/13/1996','Male'),
(195,'Samhitha','03/15/1997','Female'),
(196,'Sathyam','09/10/1990','Male'),
(197,'Vivek','10/14/1996','Male'),
(198,'Yash','11/11/1997','Male'),
(199,'Rinky','11/12/1995','Female'),
(200,'Praneetha','12/17/1999','Female')

--SocialMediaReviews--
insert into SocialMediaReviews(ReviewsID,RatingForInstagram,RatingForFacebook,RatingForYoutube,ReferredToReviews) Values
('R1',5,2,4,'Yes'),
('R2',3,1,2,'Yes'),
('R3',5,2,4,'Yes'),
('R4',4,2,1,'Yes'),
('R5',5,2,4,'Yes'),
('R6',3,1,3,'Yes'),
('R7',5,2,3,'Yes'),
('R8',3,2,2,'Yes'),
('R9',3,2,2,'Yes'),
('R10',4,1,1,'Yes'),
('R11',4,3,2,'Yes'),
('R12',1,3,1,'Yes'),
('R13',5,3,3,'Yes'),
('R14',4,1,1,'Yes'),
('R15',3,3,3,'Yes'),
('R16',5,1,2,'No'),
('R17',1,5,2,'Yes'),
('R18',1,4,2,'Yes'),
('R19',3,1,3,'Yes'),
('R20',3,2,4,'Yes'),
('R21',5,2,5,'No'),
('R22',4,1,2,'Yes'),
('R23',4,1,5,'Yes'),
('R24',4,4,3,'Yes'),
('R25',4,2,3,'Yes'),
('R26',1,1,1,'Yes'),
('R27',3,2,4,'No'),
('R28',3,1,2,'No'),
('R29',4,2,2,'Yes'),
('R30',4,2,3,'Yes'),
('R31',5,1,4,'No'),
('R32',4,3,4,'Yes'),
('R33',5,1,4,'No'),
('R34',1,1,1,'No'),
('R35',4,2,3,'Yes'),
('R36',5,2,4,'Yes'),
('R37',1,2,2,'Yes'),
('R38',4,5,5,'No'),
('R39',3,1,3,'Yes'),
('R40',1,3,2,'Yes'),
('R41',5,5,5,'Yes'),
('R42',4,2,3,'No'),
('R43',5,2,4,'Yes'),
('R44',4,2,4,'No'),
('R45',5,1,3,'Yes'),
('R46',1,1,2,'No'),
('R47',4,4,3,'Yes'),
('R48',3,3,3,'Yes'),
('R49',3,1,2,'Yes'),
('R50',1,1,1,'Yes'),
('R51',3,3,4,'Yes'),
('R52',2,4,5,'Yes'),
('R53',4,3,4,'Yes'),
('R54',3,4,4,'Yes'),
('R55',4,4,4,'Yes'),
('R56',5,5,4,'Yes'),
('R57',3,4,4,'No'),
('R58',5,3,5,'No'),
('R59',5,4,4,'Yes'),
('R60',5,3,4,'Yes'),
('R61',2,3,3,'Yes'),
('R62',1,4,3,'Yes'),
('R63',2,5,4,'Yes'),
('R64',2,3,4,'Yes'),
('R65',2,4,1,'Yes'),
('R66',1,2,5,'No'),
('R67',2,4,4,'Yes'),
('R68',2,1,3,'Yes'),
('R69',2,4,5,'Yes'),
('R70',1,3,1,'Yes'),
('R71',3,3,1,'No'),
('R72',3,2,3,'Yes'),
('R73',3,2,3,'Yes'),
('R74',1,1,5,'Yes'),
('R75',3,2,4,'Yes'),
('R76',1,1,4,'Yes'),
('R77',5,3,4,'No'),
('R78',4,1,4,'No'),
('R79',1,3,1,'Yes'),
('R80',2,2,3,'Yes'),
('R81',2,2,3,'No'),
('R82',1,2,4,'Yes'),
('R83',1,3,4,'No'),
('R84',4,4,5,'No'),
('R85',2,5,4,'Yes'),
('R86',1,2,5,'Yes'),
('R87',2,5,1,'Yes'),
('R88',1,3,4,'No'),
('R89',2,3,5,'Yes'),
('R90',2,1,1,'Yes'),
('R91',1,4,4,'Yes'),
('R92',5,2,3,'No'),
('R93',1,2,1,'Yes'),
('R94',4,3,5,'No'),
('R95',3,4,2,'Yes'),
('R96',3,3,1,'No'),
('R97',1,2,2,'Yes'),
('R98',3,1,1,'Yes'),
('R99',2,4,2,'Yes'),
('R100',4,5,2,'Yes')

--RefersTo--
insert into RefersTo(ConsumerID,ReviewsID,DateAndTime) Values
('101','R1',' 08/01/2022 09: 29'),
('102','R2',' 05/06/2022 09: 45'),
('103','R3',' 08/13/2022 08: 11'),
('104','R4',' 06/09/2022 09: 06'),
('105','R5',' 09/10/2022 09: 11'),
('106','R6',' 07/09/2022 08: 53'),
('107','R7',' 06/22/2022 08: 36'),
('108','R8',' 06/18/2022 08: 42'),
('109','R9',' 05/18/2022 09: 14'),
('110','R10',' 08/10/2022 09: 33'),
('111','R11',' 05/28/2022 09: 09'),
('112','R12',' 06/28/2022 09: 12'),
('113','R13',' 09/06/2022 08: 47'),
('114','R14',' 09/04/2022 09: 32'),
('115','R15',' 09/11/2022 08: 05'),
('116','R16',' 05/05/2022 08: 26'),
('117','R17',' 07/29/2022 08: 16'),
('118','R18',' 11/03/2022 09: 14'),
('119','R19',' 05/17/2022 08: 15'),
('120','R20',' 08/01/2022 09: 17'),
('121','R21',' 05/06/2022 09: 31'),
('122','R22',' 11/01/2022 08: 13'),
('123','R23',' 05/22/2022 09: 28'),
('124','R24',' 10/11/2022 09: 18'),
('125','R25',' 05/13/2022 08: 17'),
('126','R26',' 09/28/2022 08: 37'),
('127','R27',' 09/19/2022 08: 46'),
('128','R28',' 07/17/2022 08: 16'),
('129','R29',' 10/03/2022 08: 47'),
('130','R30',' 10/10/2022 09: 47'),
('131','R31',' 06/12/2022 09: 28'),
('132','R32',' 05/09/2022 09: 01'),
('133','R33',' 05/23/2022 08: 57'),
('134','R34',' 06/21/2022 09: 49'),
('135','R35',' 07/10/2022 08: 41'),
('136','R36',' 06/08/2022 09: 05'),
('137','R37',' 10/30/2022 08: 15'),
('138','R38',' 10/24/2022 09: 28'),
('139','R39',' 11/12/2022 09: 12'),
('140','R40',' 05/02/2022 08: 41'),
('141','R41',' 07/15/2022 09: 55'),
('142','R42',' 09/19/2022 08: 32'),
('143','R43',' 05/06/2022 09: 08'),
('144','R44',' 05/07/2022 08: 11'),
('145','R45',' 08/20/2022 09: 04'),
('146','R46',' 11/04/2022 09: 05'),
('147','R47',' 09/16/2022 09: 10'),
('148','R48',' 09/12/2022 09: 56'),
('149','R49',' 05/11/2022 08: 42'),
('150','R50',' 07/16/2022 09: 30'),
('151','R51',' 09/21/2022 08: 19'),
('152','R52',' 09/27/2022 09: 46'),
('153','R53',' 06/29/2022 08: 11'),
('154','R54',' 08/02/2022 08: 19'),
('155','R55',' 05/02/2022 08: 00'),
('156','R56',' 08/10/2022 08: 11'),
('157','R57',' 08/02/2022 09: 09'),
('158','R58',' 11/03/2022 08: 33'),
('159','R59',' 05/24/2022 09: 12'),
('160','R60',' 08/07/2022 08: 19'),
('161','R61',' 08/13/2022 08: 59'),
('162','R62',' 06/17/2022 09: 07'),
('163','R63',' 07/08/2022 08: 35'),
('164','R64',' 06/07/2022 08: 23'),
('165','R65',' 07/22/2022 08: 16'),
('166','R66',' 08/09/2022 09: 30'),
('167','R67',' 08/16/2022 08: 25'),
('168','R68',' 07/08/2022 08: 31'),
('169','R69',' 11/10/2022 09: 12'),
('170','R70',' 09/12/2022 09: 49'),
('171','R71',' 11/21/2022 09: 51'),
('172','R72',' 07/14/2022 08: 35'),
('173','R73',' 10/23/2022 08: 51'),
('174','R74',' 08/28/2022 09: 34'),
('175','R75',' 09/26/2022 09: 50'),
('176','R76',' 05/01/2022 09: 24'),
('177','R77',' 06/21/2022 08: 16'),
('178','R78',' 07/01/2022 09: 40'),
('179','R79',' 06/15/2022 08: 26'),
('180','R80',' 06/02/2022 09: 08'),
('181','R81',' 08/12/2022 09: 50'),
('182','R82',' 07/01/2022 09: 32'),
('183','R83',' 07/20/2022 09: 24'),
('184','R84',' 05/27/2022 08: 53'),
('185','R85',' 05/06/2022 09: 03'),
('186','R86',' 08/25/2022 09: 45'),
('187','R87',' 05/29/2022 08: 02'),
('188','R88',' 10/17/2022 08: 48'),
('189','R89',' 09/01/2022 09: 01'),
('190','R90',' 10/14/2022 09: 34'),
('191','R91',' 06/16/2022 08: 30'),
('192','R92',' 07/28/2022 08: 38'),
('193','R93',' 06/18/2022 08: 25'),
('194','R94',' 07/11/2022 09: 12'),
('195','R95',' 11/20/2022 09: 10'),
('196','R96',' 05/20/2022 09: 12'),
('197','R97',' 06/21/2022 09: 25'),
('198','R98',' 06/29/2022 08: 10'),
('199','R99',' 07/14/2022 08: 38'),
('200','R100',' 07/15/2022 08: 34')

--ExpenseMedium--
insert into ExpenseMedium(MediumID,MemberDiscount,MediumType) Values
('MID001','Yes','Physical Store'),
('MID002','Yes','Online'),
('MID003','Yes','Physical Store'),
('MID004','Yes','Physical Store'),
('MID005','Yes','Online'),
('MID006','Yes','Physical Store'),
('MID007','Yes','Physical Store'),
('MID008','Yes','Online'),
('MID009','Yes','Online'),
('MID010','Yes','Online'),
('MID011','No','Physical Store'),
('MID012','Yes','Physical Store'),
('MID013','Yes','Online'),
('MID014','Yes','Physical Store'),
('MID015','Yes','Online'),
('MID016','Yes','Physical Store'),
('MID017','Yes','Online'),
('MID018','Yes','Online'),
('MID019','Yes','Online'),
('MID020','Yes','Physical Store'),
('MID021','Yes','Online'),
('MID022','Yes','Physical Store'),
('MID023','Yes','Physical Store'),
('MID024','Yes','Physical Store'),
('MID025','Yes','Physical Store'),
('MID026','Yes','Online'),
('MID027','No','Physical Store'),
('MID028','No','Physical Store'),
('MID029','Yes','Physical Store'),
('MID030','Yes','Online'),
('MID031','Yes','Online'),
('MID032','Yes','Physical Store'),
('MID033','Yes','Physical Store'),
('MID034','No','Physical Store'),
('MID035','Yes','Physical Store'),
('MID036','Yes','Physical Store'),
('MID037','No','Physical Store'),
('MID038','Yes','Physical Store'),
('MID039','Yes','Online'),
('MID040','Yes','Physical Store'),
('MID041','Yes','Online'),
('MID042','Yes','Physical Store'),
('MID043','Yes','Physical Store'),
('MID044','Yes','Physical Store'),
('MID045','Yes','Physical Store'),
('MID046','No','Physical Store'),
('MID047','Yes','Physical Store'),
('MID048','Yes','Physical Store'),
('MID049','Yes','Online'),
('MID050','Yes','Physical Store'),
('MID051','No','Physical Store'),
('MID052','Yes','Physical Store'),
('MID053','Yes','Physical Store'),
('MID054','Yes','Online'),
('MID055','Yes','Physical Store'),
('MID056','Yes','Physical Store'),
('MID057','Yes','Online'),
('MID058','Yes','Physical Store'),
('MID059','No','Physical Store'),
('MID060','Yes','Physical Store'),
('MID061','No','Online'),
('MID062','Yes','Physical Store'),
('MID063','Yes','Physical Store'),
('MID064','No','Online'),
('MID065','No','Physical Store'),
('MID066','Yes','Online'),
('MID067','Yes','Physical Store'),
('MID068','Yes','Online'),
('MID069','Yes','Online'),
('MID070','Yes','Online'),
('MID071','No','Physical Store'),
('MID072','Yes','Online'),
('MID073','Yes','Physical Store'),
('MID074','No','Physical Store'),
('MID075','Yes','Physical Store'),
('MID076','Yes','Physical Store'),
('MID077','Yes','Online'),
('MID078','Yes','Physical Store'),
('MID079','Yes','Physical Store'),
('MID080','Yes','Physical Store'),
('MID081','Yes','Online'),
('MID082','Yes','Online'),
('MID083','No','Physical Store'),
('MID084','Yes','Physical Store'),
('MID085','Yes','Physical Store'),
('MID086','Yes','Physical Store'),
('MID087','Yes','Physical Store'),
('MID088','No','Physical Store'),
('MID089','Yes','Physical Store'),
('MID090','Yes','Online'),
('MID091','Yes','Physical Store'),
('MID092','Yes','Online'),
('MID093','Yes','Physical Store'),
('MID094','Yes','Physical Store'),
('MID095','Yes','Physical Store'),
('MID096','No','Physical Store'),
('MID097','yes','Physical Store'),
('MID098','No','Physical Store'),
('MID099','Yes','Physical Store'),
('MID100','No','Online')


--PhysicalStore--
insert into PhysicalStore(PhysicalMediumID,StoreType) Values
('MID001','Distributor'),
('MID002','Outlet'),
('MID003','Outlet'),
('MID004','Outlet'),
('MID005','Outlet'),
('MID006','Wholesale'),
('MID007','Outlet'),
('MID008','Outlet'),
('MID009','Outlet'),
('MID010','Outlet'),
('MID011','Outlet'),
('MID012','Outlet'),
('MID013','Outlet'),
('MID014','Outlet'),
('MID015','Outlet'),
('MID016','Outlet'),
('MID017','Outlet'),
('MID018','Outlet'),
('MID019','Wholesale'),
('MID020','Outlet'),
('MID021','Outlet'),
('MID022','Distributor'),
('MID023','Outlet'),
('MID024','Outlet'),
('MID025','Outlet'),
('MID026','Outlet'),
('MID027','Outlet'),
('MID028','Outlet'),
('MID029','Wholesale'),
('MID030','Outlet'),
('MID031','Outlet'),
('MID032','Outlet'),
('MID033','Outlet'),
('MID034','Wholesale'),
('MID035','Outlet'),
('MID036','Outlet'),
('MID037','Wholesale'),
('MID038','Distributor'),
('MID039','Wholesale'),
('MID040','Outlet'),
('MID041','Wholesale'),
('MID042','Outlet'),
('MID043','Outlet'),
('MID044','Wholesale'),
('MID045','Outlet'),
('MID046','Outlet'),
('MID047','Distributor'),
('MID048','Wholesale'),
('MID049','Outlet'),
('MID050','Wholesale'),
('MID051','Outlet'),
('MID052','Outlet'),
('MID053','Outlet'),
('MID054','Outlet'),
('MID055','Outlet'),
('MID056','Wholesale'),
('MID057','Distributor'),
('MID058','Outlet'),
('MID059','Outlet'),
('MID060','Outlet'),
('MID061','Wholesale'),
('MID062','Outlet'),
('MID063','Outlet'),
('MID064','Distributor'),
('MID065','Outlet'),
('MID066','Outlet'),
('MID067','Outlet'),
('MID068','Outlet'),
('MID069','Outlet'),
('MID070','Outlet'),
('MID071','Wholesale'),
('MID072','Outlet'),
('MID073','Outlet'),
('MID074','Outlet'),
('MID075','Outlet'),
('MID076','Wholesale'),
('MID077','Outlet'),
('MID078','Outlet'),
('MID079','Wholesale'),
('MID080','Distributor'),
('MID081','Wholesale'),
('MID082','Outlet'),
('MID083','Wholesale'),
('MID084','Outlet'),
('MID085','Outlet'),
('MID086','Wholesale'),
('MID087','Outlet'),
('MID088','Outlet'),
('MID089','Distributor'),
('MID090','Wholesale'),
('MID091','Outlet'),
('MID092','Wholesale'),
('MID093','Outlet'),
('MID094','Outlet'),
('MID095','Outlet'),
('MID096','Outlet'),
('MID097','Outlet'),
('MID098','Outlet'),
('MID099','Outlet'),
('MID100','Outlet')

--Online--
insert into Online(OnlineMediumID,ShoppingMedium,ExpressDelivery) Values
('MID001','Mobile Application','Yes'),
('MID002','Mobile Application','No'),
('MID003','Website','No'),
('MID004','Mobile Application','No'),
('MID005','Mobile Application','No'),
('MID006','Mobile Application','No'),
('MID007','Mobile Application','No'),
('MID008','Website','No'),
('MID009','Website','No'),
('MID010','Mobile Application','No'),
('MID011','Mobile Application','No'),
('MID012','Website','No'),
('MID013','Mobile Application','No'),
('MID014','Mobile Application','No'),
('MID015','Mobile Application','No'),
('MID016','Mobile Application','No'),
('MID017','Mobile Application','No'),
('MID018','Mobile Application','No'),
('MID019','Mobile Application','No'),
('MID020','Mobile Application','No'),
('MID021','Mobile Application','No'),
('MID022','Mobile Application','No'),
('MID023','Website','No'),
('MID024','Mobile Application','No'),
('MID025','Mobile Application','No'),
('MID026','Website','Yes'),
('MID027','Website','No'),
('MID028','Website','No'),
('MID029','Mobile Application','No'),
('MID030','Mobile Application','Yes'),
('MID031','Mobile Application','Yes'),
('MID032','Mobile Application','No'),
('MID033','Website','No'),
('MID034','Website','Yes'),
('MID035','Mobile Application','Yes'),
('MID036','Mobile Application','Yes'),
('MID037','Website','Yes'),
('MID038','Mobile Application','Yes'),
('MID039','Mobile Application','Yes'),
('MID040','Mobile Application','Yes'),
('MID041','Website','No'),
('MID042','Mobile Application','Yes'),
('MID043','Mobile Application','No'),
('MID044','Mobile Application','No'),
('MID045','Mobile Application','No'),
('MID046','Mobile Application','Yes'),
('MID047','Mobile Application','Yes'),
('MID048','Mobile Application','Yes'),
('MID049','Website','No'),
('MID050','Website','No'),
('MID051','Mobile Application','Yes'),
('MID052','Mobile Application','No'),
('MID053','Mobile Application','Yes'),
('MID054','Mobile Application','Yes'),
('MID055','Mobile Application','Yes'),
('MID056','Website','Yes'),
('MID057','Mobile Application','No'),
('MID058','Mobile Application','No'),
('MID059','Mobile Application','Yes'),
('MID060','Website','No'),
('MID061','Mobile Application','Yes'),
('MID062','Mobile Application','No'),
('MID063','Website','No'),
('MID064','Mobile Application','No'),
('MID065','Mobile Application','No'),
('MID066','Mobile Application','No'),
('MID067','Mobile Application','No'),
('MID068','Website','No'),
('MID069','Website','No'),
('MID070','Mobile Application','Yes'),
('MID071','Mobile Application','No'),
('MID072','Website','No'),
('MID073','Mobile Application','No'),
('MID074','Mobile Application','Yes'),
('MID075','Mobile Application','Yes'),
('MID076','Mobile Application','No'),
('MID077','Mobile Application','No'),
('MID078','Mobile Application','Yes'),
('MID079','Mobile Application','Yes'),
('MID080','Mobile Application','Yes'),
('MID081','Mobile Application','Yes'),
('MID082','Mobile Application','Yes'),
('MID083','Website','Yes'),
('MID084','Mobile Application','Yes'),
('MID085','Mobile Application','No'),
('MID086','Website','Yes'),
('MID087','Website','No'),
('MID088','Website','No'),
('MID089','Mobile Application','No'),
('MID090','Mobile Application','Yes'),
('MID091','Mobile Application','Yes'),
('MID092','Mobile Application','Yes'),
('MID093','Website','No'),
('MID094','Website','No'),
('MID095','Mobile Application','Yes'),
('MID096','Mobile Application','No'),
('MID097','Website','Yes'),
('MID098','Website','Yes'),
('MID099','Mobile Application','Yes'),
('MID100','Mobile Application','Yes')


--Expesne--
insert into Expense(ExpenseID,ConsumerID,MediumID,ExpenseLevel,ExpenseSupporting,ApparelExpenseRating,FoodExpenseRating,TravelExpenseRating,ElectronicsExpenseRating,EntertainmentExpenseRating,ExpenseType) Values
('EID1001',101,'MID001','Comfort','Non-Sustainable',5,4,1,3,2,'Apparel'),
('EID1002',102,'MID002','Luxury','Sustainable',5,4,5,5,4,'Apparel'),
('EID1003',103,'MID003','Comfort','Sustainable',5,5,5,5,5,'Apparel'),
('EID1004',104,'MID004','Luxury','Sustainable',3,2,3,1,2,'Food'),
('EID1005',105,'MID005','Comfort','Non-Sustainable',3,4,4,3,4,'Travel'),
('EID1006',106,'MID006','Comfort','Non-Sustainable',2,5,5,3,5,'Travel'),
('EID1007',107,'MID007','Comfort','Sustainable',5,4,5,4,5,'Entertainment'),
('EID1008',108,'MID008','Comfort','Non-Sustainable',3,4,4,3,4,'Travel'),
('EID1009',109,'MID009','Comfort','Sustainable',3,5,5,5,3,'Electronics'),
('EID1010',110,'MID010','Luxury','Non-Sustainable',3,4,2,1,2,'Food'),
('EID1011',111,'MID011','Comfort','Sustainable',4,5,5,3,5,'Travel'),
('EID1012',112,'MID012','Comfort','Sustainable',2,2,1,3,2,'Entertainment'),
('EID1013',113,'MID013','Comfort','Sustainable',3,5,2,2,5,'Apparel'),
('EID1014',114,'MID014','Comfort','Sustainable',5,5,3,1,4,'Food'),
('EID1015',115,'MID015','Luxury','Sustainable',4,5,4,4,4,'Food'),
('EID1016',116,'MID016','Comfort','Sustainable',3,4,4,2,3,'Travel'),
('EID1017',117,'MID017','Comfort','Non-Sustainable',3,2,4,1,5,'Entertainment'),
('EID1018',118,'MID018','Comfort','Sustainable',3,2,4,1,5,'Entertainment'),
('EID1019',119,'MID019','Comfort','Sustainable',3,2,3,4,3,'Electronics'),
('EID1020',120,'MID020','Luxury','Sustainable',5,3,5,4,5,'Travel'),
('EID1021',121,'MID021','Comfort','Non-Sustainable',4,4,5,5,4,'Travel'),
('EID1022',122,'MID022','Comfort','Non-Sustainable',2,5,4,4,3,'Food'),
('EID1023',123,'MID023','Comfort','Non-Sustainable',1,5,5,5,1,'Food'),
('EID1024',124,'MID024','Comfort','Non-Sustainable',3,5,5,4,5,'Electronics'),
('EID1025',125,'MID025','Comfort','Sustainable',5,4,4,3,3,'Apparel'),
('EID1026',126,'MID026','Luxury','Non-Sustainable',3,5,4,4,4,'Food'),
('EID1027',127,'MID027','Comfort','Non-Sustainable',3,4,3,3,4,'Food'),
('EID1028',128,'MID028','Comfort','Non-Sustainable',1,5,3,2,5,'Entertainment'),
('EID1029',129,'MID029','Comfort','Sustainable',1,3,3,1,3,'Food'),
('EID1030',130,'MID030','Luxury','Sustainable',3,3,3,3,3,'Apparel'),
('EID1031',131,'MID031','Comfort','Non-Sustainable',4,5,4,3,4,'Food'),
('EID1032',132,'MID032','Comfort','Sustainable',2,4,3,3,4,'Entertainment'),
('EID1033',133,'MID033','Comfort','Sustainable',4,4,4,5,2,'Electronics'),
('EID1034',134,'MID034','Comfort','Non-Sustainable',5,4,3,5,3,'Apparel'),
('EID1035',135,'MID035','Luxury','Sustainable',3,5,4,4,5,'Food'),
('EID1036',136,'MID036','Comfort','Sustainable',3,3,2,2,2,'Apparel'),
('EID1037',137,'MID037','Comfort','Sustainable',1,3,2,1,2,'Food'),
('EID1038',138,'MID038','Comfort','Sustainable',4,5,4,3,4,'Food'),
('EID1039',139,'MID039','Comfort','Non-Sustainable',1,5,2,4,4,'Food'),
('EID1040',140,'MID040','Comfort','Sustainable',2,1,1,1,3,'Entertainment'),
('EID1041',141,'MID041','Comfort','Sustainable',2,3,2,2,2,'Food'),
('EID1042',142,'MID042','Luxury','Non-Sustainable',4,4,2,3,5,'Entertainment'),
('EID1043',143,'MID043','Comfort','Sustainable',3,5,4,4,3,'Food'),
('EID1044',144,'MID044','Comfort','Non-Sustainable',5,5,3,3,3,'Apparel'),
('EID1045',145,'MID045','Luxury','Non-Sustainable',2,2,2,2,2,'Travel'),
('EID1046',146,'MID046','Luxury','Sustainable',3,5,5,4,2,'Travel'),
('EID1047',147,'MID047','Comfort','Sustainable',3,3,1,3,2,'Electronics'),
('EID1048',148,'MID048','Comfort','Sustainable',3,3,3,3,3,'Apparel'),
('EID1049',149,'MID049','Luxury','Sustainable',4,5,4,4,3,'Food'),
('EID1050',150,'MID050','Comfort','Sustainable',5,5,5,4,1,'Travel'),
('EID1051',151,'MID051','Comfort','Sustainable',5,2,3,4,3,'Apparel'),
('EID1052',152,'MID052','Luxury','Sustainable',3,4,4,4,5,'Electronics'),
('EID1053',153,'MID053','Comfort','Sustainable',5,5,3,4,4,'Apparel'),
('EID1054',154,'MID054','Luxury','Sustainable',1,4,3,2,5,'Food'),
('EID1055',155,'MID055','Comfort','Non-Sustainable',5,5,5,4,5,'Apparel'),
('EID1056',156,'MID056','Comfort','Sustainable',5,5,5,5,5,'Apparel'),
('EID1057',157,'MID057','Luxury','Sustainable',2,2,3,5,2,'Electronics'),
('EID1058',158,'MID058','Luxury','Sustainable',5,4,5,3,4,'Travel'),
('EID1059',159,'MID059','Comfort','Sustainable',1,3,5,3,5,'Travel'),
('EID1060',160,'MID060','Comfort','Non-Sustainable',5,4,4,3,3,'Apparel'),
('EID1061',161,'MID061','Comfort','Sustainable',5,4,3,3,3,'Apparel'),
('EID1062',162,'MID062','Luxury','Sustainable',5,4,1,1,2,'Apparel'),
('EID1063',163,'MID063','Comfort','Sustainable',5,3,5,3,5,'Travel'),
('EID1064',164,'MID064','Luxury','Sustainable',4,5,5,3,2,'Food'),
('EID1065',165,'MID065','Comfort','Non-Sustainable',2,3,3,2,5,'Electronics'),
('EID1066',166,'MID066','Comfort','Non-Sustainable',3,2,4,1,4,'Travel'),
('EID1067',167,'MID067','Luxury','Sustainable',4,3,5,4,4,'Travel'),
('EID1068',168,'MID068','Comfort','Non-Sustainable',5,4,5,2,3,'Apparel'),
('EID1069',169,'MID069','Comfort','Sustainable',5,4,4,1,5,'Entertainment'),
('EID1070',170,'MID070','Luxury','Non-Sustainable',5,4,5,1,5,'Travel'),
('EID1071',171,'MID071','Comfort','Sustainable',1,3,2,4,3,'Electronics'),
('EID1072',172,'MID072','Comfort','Sustainable',2,5,5,4,5,'Entertainment'),
('EID1073',173,'MID073','Luxury','Sustainable',2,5,1,5,4,'Electronics'),
('EID1074',174,'MID074','Comfort','Sustainable',4,3,2,4,3,'Apparel'),
('EID1075',175,'MID075','Luxury','Sustainable',4,2,3,5,1,'Electronics'),
('EID1076',176,'MID076','Comfort','Sustainable',4,3,4,4,5,'Entertainment'),
('EID1077',177,'MID077','Comfort','Non-Sustainable',4,5,4,3,3,'Food'),
('EID1078',178,'MID078','Comfort','Sustainable',3,5,4,4,4,'Food'),
('EID1079',179,'MID079','Comfort','Sustainable',3,4,4,3,4,'Food'),
('EID1080',180,'MID080','Luxury','Sustainable',2,4,3,2,5,'Electronics'),
('EID1081',181,'MID081','Comfort','Non-Sustainable',1,2,5,1,3,'Travel'),
('EID1082',182,'MID082','Luxury','Non-Sustainable',4,5,5,3,3,'Apparel'),
('EID1083',183,'MID083','Comfort','Sustainable',5,4,4,3,4,'Apparel'),
('EID1084',184,'MID084','Luxury','Non-Sustainable',5,4,5,3,4,'Travel'),
('EID1085',185,'MID085','Comfort','Sustainable',4,3,5,5,2,'Entertainment'),
('EID1086',186,'MID086','Luxury','Non-Sustainable',4,3,4,5,3,'Entertainment'),
('EID1087',187,'MID087','Comfort','Non-Sustainable',4,4,4,4,5,'Entertainment'),
('EID1088',188,'MID088','Luxury','Non-Sustainable',5,5,3,2,2,'Food'),
('EID1089',189,'MID089','Comfort','Sustainable',5,3,3,1,2,'Apparel'),
('EID1090',190,'MID090','Luxury','Sustainable',5,2,3,3,4,'Apparel'),
('EID1091',191,'MID091','Comfort','Non-Sustainable',5,1,3,4,4,'Apparel'),
('EID1092',192,'MID092','Comfort','Sustainable',3,3,4,1,4,'Travel'),
('EID1093',193,'MID093','Luxury','Sustainable',4,4,3,2,5,'Entertainment'),
('EID1094',194,'MID094','Luxury','Non-Sustainable',4,3,4,3,4,'Apparel'),
('EID1095',195,'MID095','Luxury','Sustainable',5,3,3,4,3,'Electronics'),
('EID1096',196,'MID096','Comfort','Sustainable',3,5,4,3,4,'Food'),
('EID1097',197,'MID097','Luxury','Sustainable',4,3,2,2,3,'Apparel'),
('EID1098',198,'MID098','Comfort','Sustainable',5,2,2,4,2,'Apparel'),
('EID1099',199,'MID099','Comfort','Non-Sustainable',5,1,4,3,1,'Apparel'),
('EID1100',200,'MID100','Luxury','Sustainable',5,1,2,3,3,'Apparel')


--Apparel--
insert into Apparel(ApparelExpenseID,RatingForClothing,RatingForFootwear,RatingForAccessories) Values
('EID1001',5,2,2),
('EID1002',5,5,5),
('EID1003',4,4,4),
('EID1004',5,4,3),
('EID1005',4,2,1),
('EID1006',2,2,2),
('EID1007',5,3,4),
('EID1008',5,4,3),
('EID1009',3,3,3),
('EID1010',4,2,1),
('EID1011',4,4,4),
('EID1012',2,1,2),
('EID1013',5,5,3),
('EID1014',5,4,2),
('EID1015',5,3,3),
('EID1016',4,4,2),
('EID1017',2,4,5),
('EID1018',1,2,5),
('EID1019',3,3,3),
('EID1020',4,1,1),
('EID1021',5,5,5),
('EID1022',2,3,4),
('EID1023',1,1,1),
('EID1024',3,4,3),
('EID1025',5,3,4),
('EID1026',3,3,4),
('EID1027',4,4,3),
('EID1028',4,5,3),
('EID1029',2,2,4),
('EID1030',5,3,1),
('EID1031',5,4,1),
('EID1032',3,4,2),
('EID1033',4,5,5),
('EID1034',4,3,4),
('EID1035',4,3,2),
('EID1036',4,2,2),
('EID1037',3,2,1),
('EID1038',4,4,4),
('EID1039',3,2,1),
('EID1040',2,2,1),
('EID1041',2,2,3),
('EID1042',4,3,1),
('EID1043',4,3,2),
('EID1044',5,5,3),
('EID1045',4,3,2),
('EID1046',5,4,3),
('EID1047',3,1,4),
('EID1048',3,3,3),
('EID1049',4,3,3),
('EID1050',1,4,1),
('EID1051',4,4,5),
('EID1052',3,4,5),
('EID1053',4,3,4),
('EID1054',1,3,5),
('EID1055',4,4,4),
('EID1056',3,3,4),
('EID1057',3,4,3),
('EID1058',5,5,5),
('EID1059',1,5,5),
('EID1060',3,4,2),
('EID1061',5,5,2),
('EID1062',5,1,5),
('EID1063',5,3,4),
('EID1064',3,4,4),
('EID1065',3,5,2),
('EID1066',2,5,2),
('EID1067',5,2,3),
('EID1068',3,5,4),
('EID1069',3,3,3),
('EID1070',3,3,2),
('EID1071',4,5,4),
('EID1072',2,5,1),
('EID1073',3,2,5),
('EID1074',5,4,4),
('EID1075',4,5,3),
('EID1076',3,4,4),
('EID1077',3,5,4),
('EID1078',3,5,2),
('EID1079',3,2,3),
('EID1080',5,4,1),
('EID1081',4,3,5),
('EID1082',2,4,3),
('EID1083',1,4,1),
('EID1084',3,4,4),
('EID1085',5,3,3),
('EID1086',3,5,3),
('EID1087',3,3,4),
('EID1088',1,2,5),
('EID1089',1,3,2),
('EID1090',3,4,3),
('EID1091',4,4,4),
('EID1092',2,4,4),
('EID1093',4,3,5),
('EID1094',5,5,3),
('EID1095',3,5,3),
('EID1096',3,3,2),
('EID1097',1,2,2),
('EID1098',4,5,4),
('EID1099',1,3,2),
('EID1100',2,2,5)


--Food--
insert into Food(FoodExpenseID,EatingOutFrequency) Values
('EID1001','Once a week'),
('EID1002','Once in a while'),
('EID1003','Twice or more in a week'),
('EID1004','Twice or more in a week'),
('EID1005','Twice or more in a week'),
('EID1006','Twice or more in a week'),
('EID1007','Twice or more in a week'),
('EID1008','Twice or more in a week'),
('EID1009','Twice or more in a week'),
('EID1010','Twice or more in a week'),
('EID1011','Twice or more in a week'),
('EID1012','Twice or more in a week'),
('EID1013','Twice or more in a week'),
('EID1014','Once a week'),
('EID1015','Twice or more in a week'),
('EID1016','Once a week'),
('EID1017','Twice or more in a week'),
('EID1018','Once a week'),
('EID1019','Once a week'),
('EID1020','Twice or more in a week'),
('EID1021','Twice or more in a week'),
('EID1022','Once a week'),
('EID1023','Once a week'),
('EID1024','Twice or more in a week'),
('EID1025','Twice or more in a week'),
('EID1026','Twice or more in a week'),
('EID1027','Once a week'),
('EID1028','Once a week'),
('EID1029','Twice or more in a week'),
('EID1030','Once a week'),
('EID1031','Once a week'),
('EID1032','Once a week'),
('EID1033','Twice or more in a week'),
('EID1034','Once a week'),
('EID1035','Twice or more in a week'),
('EID1036','Once a week'),
('EID1037','Once a week'),
('EID1038','Once a week'),
('EID1039','Twice or more in a week'),
('EID1040','Once a week'),
('EID1041','Once a month'),
('EID1042','Twice or more in a week'),
('EID1043','Twice or more in a week'),
('EID1044','Twice or more in a week'),
('EID1045','Twice or more in a week'),
('EID1046','Twice or more in a week'),
('EID1047','Twice or more in a week'),
('EID1048','Twice or more in a week'),
('EID1049','Twice or more in a week'),
('EID1050','Twice or more in a week'),
('EID1051','Twice or more in a week'),
('EID1052','Twice or more in a week'),
('EID1053','Once a week'),
('EID1054','Once a month'),
('EID1055','Twice or more in a week'),
('EID1056','Once a month'),
('EID1057','Twice or more in a week'),
('EID1058','Once a week'),
('EID1059','Once in a while'),
('EID1060','Twice or more in a week'),
('EID1061','Twice or more in a week'),
('EID1062','Twice or more in a week'),
('EID1063','Twice or more in a week'),
('EID1064','Twice or more in a week'),
('EID1065','Twice or more in a week'),
('EID1066','Once a week'),
('EID1067','Twice or more in a week'),
('EID1068','Once a week'),
('EID1069','Twice or more in a week'),
('EID1070','Once a week'),
('EID1071','Once a week'),
('EID1072','Twice or more in a week'),
('EID1073','Twice or more in a week'),
('EID1074','Once a week'),
('EID1075','Once a week'),
('EID1076','Twice or more in a week'),
('EID1077','Twice or more in a week'),
('EID1078','Twice or more in a week'),
('EID1079','Once a week'),
('EID1080','Once a week'),
('EID1081','Twice or more in a week'),
('EID1082','Once a week'),
('EID1083','Once a week'),
('EID1084','Once a week'),
('EID1085','Twice or more in a week'),
('EID1086','Once a week'),
('EID1087','Twice or more in a week'),
('EID1088','Once a week'),
('EID1089','Once a week'),
('EID1090','Once a week'),
('EID1091','Twice or more in a week'),
('EID1092','Once a week'),
('EID1093','Once a month'),
('EID1094','Twice or more in a week'),
('EID1095','Twice or more in a week'),
('EID1096','Twice or more in a week'),
('EID1097','Twice or more in a week'),
('EID1098','Twice or more in a week'),
('EID1099','Twice or more in a week'),
('EID1100','Twice or more in a week')


--Travel--
insert into Travel(TravelExpenseID,Airways,Roadways,Waterways,Railways) Values
('EID1001',2,4,2,4),
('EID1002',3,5,1,1),
('EID1003',3,5,1,3),
('EID1004',3,4,1,3),
('EID1005',2,3,2,4),
('EID1006',3,4,1,2),
('EID1007',4,5,1,4),
('EID1008',4,3,2,2),
('EID1009',1,4,1,5),
('EID1010',3,4,1,4),
('EID1011',3,5,1,3),
('EID1012',2,2,1,2),
('EID1013',2,3,2,5),
('EID1014',3,5,1,5),
('EID1015',3,5,3,3),
('EID1016',3,3,1,4),
('EID1017',2,1,5,3),
('EID1018',2,3,5,1),
('EID1019',2,3,1,3),
('EID1020',5,4,1,4),
('EID1021',2,5,1,3),
('EID1022',2,5,1,5),
('EID1023',4,4,2,5),
('EID1024',1,5,1,5),
('EID1025',4,5,1,2),
('EID1026',4,3,1,1),
('EID1027',2,5,2,4),
('EID1028',3,5,1,5),
('EID1029',1,5,1,4),
('EID1030',3,3,1,1),
('EID1031',5,4,1,3),
('EID1032',4,3,1,4),
('EID1033',5,4,1,1),
('EID1034',2,5,1,1),
('EID1035',5,3,1,5),
('EID1036',1,5,1,3),
('EID1037',1,3,1,3),
('EID1038',3,5,1,4),
('EID1039',2,4,1,3),
('EID1040',1,1,3,2),
('EID1041',1,3,1,3),
('EID1042',2,4,1,2),
('EID1043',3,5,3,4),
('EID1044',4,5,1,5),
('EID1045',3,5,1,2),
('EID1046',4,5,1,2),
('EID1047',3,4,2,3),
('EID1048',3,3,1,1),
('EID1049',3,5,1,2),
('EID1050',1,5,1,1),
('EID1051',4,4,2,2),
('EID1052',3,5,4,5),
('EID1053',3,4,2,4),
('EID1054',3,5,4,5),
('EID1055',5,5,5,5),
('EID1056',3,4,4,3),
('EID1057',2,3,4,5),
('EID1058',5,5,1,3),
('EID1059',3,5,4,4),
('EID1060',3,4,3,2),
('EID1061',2,3,1,5),
('EID1062',1,5,1,1),
('EID1063',1,5,2,3),
('EID1064',1,1,1,4),
('EID1065',2,3,1,5),
('EID1066',1,3,1,5),
('EID1067',1,4,2,2),
('EID1068',2,3,1,5),
('EID1069',1,5,1,3),
('EID1070',1,1,1,3),
('EID1071',1,3,1,5),
('EID1072',1,3,1,5),
('EID1073',2,2,1,2),
('EID1074',1,1,1,4),
('EID1075',3,4,1,5),
('EID1076',1,2,1,4),
('EID1077',5,5,1,5),
('EID1078',5,5,1,5),
('EID1079',1,5,1,2),
('EID1080',1,3,3,4),
('EID1081',1,3,1,3),
('EID1082',1,2,1,4),
('EID1083',2,5,3,4),
('EID1084',4,3,1,4),
('EID1085',3,3,1,3),
('EID1086',1,3,1,5),
('EID1087',3,4,2,3),
('EID1088',3,2,1,2),
('EID1089',3,5,2,3),
('EID1090',5,3,2,4),
('EID1091',5,3,1,4),
('EID1092',4,3,1,4),
('EID1093',2,5,2,3),
('EID1094',1,5,2,5),
('EID1095',3,4,1,5),
('EID1096',4,2,1,3),
('EID1097',2,5,2,2),
('EID1098',5,3,1,5),
('EID1099',3,4,1,3),
('EID1100',2,5,2,2)

--Electronics--
insert into Electronics(ElectronicsExpenseID,GadgetType) Values
('EID1001','Basic Necessities'),
('EID1002','Basic Necessities'),
('EID1003','Basic Necessities'),
('EID1004','Basic Necessities'),
('EID1005','Basic Necessities'),
('EID1006','Basic Necessities'),
('EID1007','Basic Necessities'),
('EID1008','Basic Necessities'),
('EID1009','Gaming consoles, speakers and more'),
('EID1010','Basic Necessities'),
('EID1011','Gaming consoles, speakers and more'),
('EID1012','Gaming consoles, speakers and more'),
('EID1013','Basic Necessities'),
('EID1014','Basic Necessities'),
('EID1015','Basic Necessities'),
('EID1016','Basic Necessities'),
('EID1017','Gaming consoles, speakers and more'),
('EID1018','Gaming consoles, speakers and more'),
('EID1019','Gaming consoles, speakers and more'),
('EID1020','Basic Necessities'),
('EID1021','Basic Necessities'),
('EID1022','Basic Necessities'),
('EID1023','Basic Necessities'),
('EID1024','Gaming consoles, speakers and more'),
('EID1025','Basic Necessities'),
('EID1026','Basic Necessities'),
('EID1027','Basic Necessities'),
('EID1028','Basic Necessities'),
('EID1029','Basic Necessities'),
('EID1030','Basic Necessities'),
('EID1031','Basic Necessities'),
('EID1032','Gaming consoles, speakers and more'),
('EID1033','Basic Necessities'),
('EID1034','Basic Necessities'),
('EID1035','Basic Necessities'),
('EID1036','Basic Necessities'),
('EID1037','Basic Necessities'),
('EID1038','Basic Necessities'),
('EID1039','Basic Necessities'),
('EID1040','Gaming consoles, speakers and more'),
('EID1041','Basic Necessities'),
('EID1042','Basic Necessities'),
('EID1043','Gaming consoles, speakers and more'),
('EID1044','Basic Necessities'),
('EID1045','Basic Necessities'),
('EID1046','Gaming consoles, speakers and more'),
('EID1047','Basic Necessities'),
('EID1048','Gaming consoles, speakers and more'),
('EID1049','Basic Necessities'),
('EID1050','Basic Necessities'),
('EID1051','Basic Necessities'),
('EID1052','Basic Necessities'),
('EID1053','Basic Necessities'),
('EID1054','Basic Necessities'),
('EID1055','Gaming consoles, speakers and more'),
('EID1056','Basic Necessities'),
('EID1057','Gaming consoles, speakers and more'),
('EID1058','Basic Necessities'),
('EID1059','Basic Necessities'),
('EID1060','Gaming consoles, speakers and more'),
('EID1061','Gaming consoles, speakers and more'),
('EID1062','Basic Necessities'),
('EID1063','Gaming consoles, speakers and more'),
('EID1064','Gaming consoles, speakers and more'),
('EID1065','Basic Necessities'),
('EID1066','Basic Necessities'),
('EID1067','Basic Necessities'),
('EID1068','Basic Necessities'),
('EID1069','Gaming consoles, speakers and more'),
('EID1070','Gaming consoles, speakers and more'),
('EID1071','Gaming consoles, speakers and more'),
('EID1072','Basic Necessities'),
('EID1073','Basic Necessities'),
('EID1074','Basic Necessities'),
('EID1075','Basic Necessities'),
('EID1076','Gaming consoles, speakers and more'),
('EID1077','Basic Necessities'),
('EID1078','Basic Necessities'),
('EID1079','Basic Necessities'),
('EID1080','Basic Necessities'),
('EID1081','Basic Necessities'),
('EID1082','Basic Necessities'),
('EID1083','Basic Necessities'),
('EID1084','Gaming consoles, speakers and more'),
('EID1085','Basic Necessities'),
('EID1086','Basic Necessities'),
('EID1087','Basic Necessities'),
('EID1088','Basic Necessities'),
('EID1089','Basic Necessities'),
('EID1090','Basic Necessities'),
('EID1091','Basic Necessities'),
('EID1092','Gaming consoles, speakers and more'),
('EID1093','Basic Necessities'),
('EID1094','Basic Necessities'),
('EID1095','Gaming consoles, speakers and more'),
('EID1096','Basic Necessities'),
('EID1097','Basic Necessities'),
('EID1098','Basic Necessities'),
('EID1099','Basic Necessities'),
('EID1100','Basic Necessities')


--Entertainment-- 
insert into Entertainment(EntertainmentExpenseID,RatingForMusic,RatingForMovies) Values
('EID1001',2,4),
('EID1002',2,3),
('EID1003',2,5),
('EID1004',3,4),
('EID1005',4,3),
('EID1006',4,4),
('EID1007',4,4),
('EID1008',1,3),
('EID1009',1,1),
('EID1010',1,4),
('EID1011',5,5),
('EID1012',3,3),
('EID1013',2,5),
('EID1014',2,4),
('EID1015',3,4),
('EID1016',1,3),
('EID1017',4,5),
('EID1018',4,5),
('EID1019',4,4),
('EID1020',4,5),
('EID1021',3,1),
('EID1022',3,2),
('EID1023',1,2),
('EID1024',3,3),
('EID1025',2,2),
('EID1026',3,2),
('EID1027',1,1),
('EID1028',1,4),
('EID1029',1,1),
('EID1030',3,3),
('EID1031',5,4),
('EID1032',3,3),
('EID1033',3,1),
('EID1034',1,1),
('EID1035',1,2),
('EID1036',1,3),
('EID1037',1,3),
('EID1038',4,3),
('EID1039',2,5),
('EID1040',1,2),
('EID1041',2,3),
('EID1042',1,4),
('EID1043',2,4),
('EID1044',3,3),
('EID1045',1,5),
('EID1046',2,3),
('EID1047',3,2),
('EID1048',3,3),
('EID1049',2,3),
('EID1050',1,1),
('EID1051',3,3),
('EID1052',3,5),
('EID1053',4,4),
('EID1054',2,4),
('EID1055',5,5),
('EID1056',5,3),
('EID1057',4,5),
('EID1058',3,3),
('EID1059',4,5),
('EID1060',2,5),
('EID1061',4,2),
('EID1062',4,1),
('EID1063',4,3),
('EID1064',1,3),
('EID1065',1,4),
('EID1066',1,2),
('EID1067',5,5),
('EID1068',3,5),
('EID1069',2,4),
('EID1070',2,3),
('EID1071',3,4),
('EID1072',1,2),
('EID1073',4,4),
('EID1074',4,4),
('EID1075',4,4),
('EID1076',4,1),
('EID1077',3,1),
('EID1078',3,1),
('EID1079',1,5),
('EID1080',3,3),
('EID1081',2,2),
('EID1082',3,2),
('EID1083',1,3),
('EID1084',1,1),
('EID1085',1,4),
('EID1086',3,4),
('EID1087',5,4),
('EID1088',3,4),
('EID1089',3,3),
('EID1090',1,3),
('EID1091',1,1),
('EID1092',1,3),
('EID1093',1,2),
('EID1094',4,3),
('EID1095',2,4),
('EID1096',1,3),
('EID1097',2,5),
('EID1098',4,2),
('EID1099',5,3),
('EID1100',2,1)
